iteration,total_loss,coarse_loss,fine_loss,psnr,learning_rate,elapsed_time,rays_per_second,gpu_memory_allocated_bytes,gpu_memory_reserved_bytes
1,0.40741413831710815,0.1982717290520668,0.20914240926504135,6.795578933311636,0.0004999953948510215,0.24933909998799209,1026.7241043986319,36121088,622854144
251,0.06104077585041523,0.032340383157134056,0.028700392693281174,15.421121609887132,0.000498845437353847,23.713709199990262,3229.147088750617,36145664,742391808
501,0.03300163336098194,0.01689363457262516,0.01610799739137292,17.929584493968903,0.0004976981246855226,45.4789150999859,419.47250349603235,36145664,629145600
751,0.04228643700480461,0.021356075070798397,0.020930361934006214,16.79223261647809,0.000496553450763111,66.16797229998338,3776.1398122152787,36145664,629145600
1001,0.020068718120455742,0.009728572564199567,0.010340144857764244,19.854733770557125,0.000495411409517665,86.999516699987,3783.176686801459,36145664,744488960
1251,0.02757469192147255,0.013921531848609447,0.013653159141540527,18.647668475978595,0.0004942719948941955,107.36701709998306,3690.2443490129303,36145664,744488960
1501,0.03001512959599495,0.015689135994762182,0.014325994066894054,18.43875233040283,0.0004931352008516396,128.08671999999206,3664.5924500657534,36145664,744488960
1751,0.02130501251667738,0.011473415419459343,0.00983159663155675,20.073759478883503,0.0004920010213628283,149.155328799985,3603.040628887067,36145664,744488960
2001,0.01948049757629633,0.010388380382210016,0.0090921176597476,20.413349527701538,0.0004908694504144553,170.62248989999352,3314.7182551981546,36145664,744488960
2251,0.02433745563030243,0.012993515469133854,0.011343939695507288,19.452360908685222,0.0004897404820070438,191.25296679999155,3503.4945991131985,36145664,744488960
2501,0.023874321952462196,0.013437542133033276,0.010436779586598277,19.814334882616837,0.0004886141101549155,212.66975789998833,3186.5448145907694,36145664,744488960
2751,0.016595572233200073,0.008860792964696884,0.007734779268503189,21.115520754796584,0.00048749032888615934,233.56115689998842,3979.2271908101648,36145664,744488960
3001,0.019387617707252502,0.01083559961989522,0.008552018087357283,20.679313892736527,0.0004863691322425987,254.3868220999866,3375.3004478798084,36145664,744488960
3251,0.014256324153393507,0.007688377983868122,0.0065679464023560286,21.8257039992881,0.0004852505142797606,275.419808199993,3511.067405369128,36145664,744488960
3501,0.018160466570407152,0.00948182400316,0.008678642567247152,20.61548197825325,0.00048413446906684396,298.00208019999263,2433.0160273519346,36145664,744488960
3751,0.015828299336135387,0.00988158443942666,0.00594671443104744,22.257229163852152,0.0004830209906866882,326.9377284999937,3365.2196660951954,36145664,744488960
4001,0.016376215033233166,0.00809128861874342,0.008284926414489746,20.817113445678757,0.0004819100732357417,346.6004966999899,3640.5005688851074,36145664,744488960
4251,0.015058522578328848,0.0072454116307199,0.007813111413270235,21.07175982701369,0.00048080171082403087,369.01536799999303,2789.348610842975,36145664,744488960
4501,0.015364426653832197,0.008183850906789303,0.007180575747042894,21.43840732117166,0.00047969589757512846,398.13259469998593,3636.999078453059,36145664,744488960
4751,0.011964938137680292,0.0059952507726848125,0.005969687597826123,22.240483955189067,0.0004785926276261226,417.87356809998164,3583.767771540324,36145664,744488960
5001,0.02567323576658964,0.01432602759450674,0.011347208172082901,19.45110977642949,0.000477491895127586,443.96654489998764,2007.4432232013405,36145664,744488960
5251,0.01316220173612237,0.007598655531182885,0.005563546670600772,22.546482644595358,0.0004763936942435445,473.27388699998846,2657.887332462438,36145664,744488960
5501,0.012047999072819948,0.0062476093880832195,0.005800389451906085,22.365428458964544,0.0004752980191514463,502.2195538999804,2301.3263190848943,36145664,744488960
5751,0.013844339177012444,0.007400470087304711,0.0064438688568770885,21.908533067559507,0.0004742048640421311,531.4323390999925,2574.406377872744,36145664,744488960
6001,0.013186775147914886,0.009137324057519436,0.004049451323226094,23.92603817140341,0.00047311422311979945,552.3917555999942,3928.4892192357675,36145664,744488960
6251,0.019604790024459362,0.010811569401994348,0.00879322038963437,20.558520417284484,0.00047202609060198166,572.2176597999933,3546.0010523465203,36145664,744488960
6501,0.015343832783401012,0.010066858027130365,0.005276974756270647,22.776149833742473,0.00047094046071950745,603.9922660999873,3018.1454201649444,36145664,744488960
6751,0.01622250396758318,0.006898246239870787,0.009324257727712393,20.303857308425364,0.0004698573277164752,623.6934496999893,3952.3311808253666,36145664,744488960
7001,0.01604482624679804,0.008380146697163582,0.007664680248126388,21.15505958144353,0.0004687766858502217,643.7999943999894,3048.5771716819127,36145664,744488960
7251,0.019961608573794365,0.011372854933142662,0.008588753174990416,20.660698779060706,0.00046769852939129123,675.7722332999838,1830.251337888291,36145664,744488960
7501,0.012397701852023602,0.007528556045144796,0.004869145806878805,23.125472202836864,0.0004666228526234056,714.6599544999917,1907.6190752244563,36145664,744488960
7751,0.018810682464390993,0.010729883331805468,0.008080799132585526,20.92545688518628,0.0004655496498434336,739.3834419999912,3628.534454575639,36145664,744488960
8001,0.012089493684470654,0.007614109665155411,0.00447538448497653,23.491696480506896,0.0004644789153613611,771.2191805999901,1846.8646225910404,36145664,744488960
8251,0.01105018611997366,0.005404422525316477,0.00564576406031847,22.482772752225397,0.0004634106435002603,809.6322560999834,1530.8624257865201,36145664,744488960
8501,0.026699631474912167,0.01365654799155891,0.013043083250522614,18.84619733726158,0.0004623448285962602,844.1236751999822,1673.0681126931472,36145664,744488960
8751,0.010141882114112377,0.005824268097057939,0.004317614249885082,23.647561615918498,0.00046128146499851627,882.2572998999822,1593.5520898562577,36145664,744488960
9001,0.010469567030668259,0.0062403029296547174,0.004229264333844185,23.73735170104386,0.0004602205470691806,910.1552208999929,3255.634728098494,36145664,744488960
9251,0.013940104749053717,0.0077184648253023624,0.006221640156581998,22.06095110959565,0.0004591620691833719,930.3977700999822,3705.419176119257,36145664,744488960
9501,0.010838745161890984,0.006832999875769019,0.004005745169706643,23.973166823291123,0.0004581060257291457,950.2129043999885,4070.004070110482,36145664,744488960
9751,0.012660799082368612,0.007465998642146587,0.005194800673052669,22.84431111870827,0.00045705241110746497,970.3680376999837,3200.8682356456443,36145664,744488960
10001,0.014015479013323784,0.008458820171654224,0.005556658608838916,22.551862846707813,0.0004560012197321697,991.2745088999945,409.66167866462075,36145664,629145600
10251,0.00814009620808065,0.006065387045964599,0.00207470910390839,26.830427873488517,0.00045495244602994784,1011.0438721999963,3569.2973503839526,36145664,629145600
10501,0.012191512621939182,0.007080749608576298,0.005110763246193528,22.915142370751383,0.00045390608444030573,1030.643720699998,3973.7607609506217,36145664,629145600
10751,0.016070779878646135,0.009292980190366507,0.0067777992226183414,21.689113003260875,0.0004528621294155383,1062.2686265999946,3700.9194470058897,36145664,629145600
11001,0.009795182384550571,0.005440010456368327,0.004355172161012888,23.609946725506774,0.00045182057542069993,1101.0524991999846,2199.626407135455,36145664,629145600
11251,0.008882946334779263,0.0045369151048362255,0.004346031229943037,23.619071572278273,0.0004507814169335751,1125.7307017999847,3907.764544680486,36145664,629145600
11501,0.007841752376407385,0.004481640411540866,0.0033601121976971626,24.736462208163374,0.0004497446484446489,1157.8364362999855,1541.8853763761426,36145664,629145600
11751,0.010458054952323437,0.005673589650541544,0.004784465534612536,23.201665695554112,0.00044871026445707804,1197.1432366999943,1433.288001828048,36145664,629145600
12001,0.006146674044430256,0.003388797165825963,0.002757876645773649,25.594251628367065,0.0004476782594866615,1231.1585823999922,1497.9379947731568,36145664,629145600
12251,0.011923204641789198,0.007818096783012152,0.0041051076259464025,23.86675452249314,0.00044664862806181177,1270.8357998999854,1451.2611515043768,36145664,629145600
12501,0.012134632095694542,0.00799053255468607,0.004144099308177829,23.825698458118417,0.00044562136472352546,1303.6177678999957,1723.0471010360511,36145664,629145600
12751,0.008722251746803522,0.005511760478839278,0.0032104913843795657,24.934284912112563,0.0004445964640253547,1341.6500231999962,1639.0146960201953,36145664,629145600
13001,0.01003065425902605,0.005894098896533251,0.004136555246077478,23.833611710449652,0.00044357392053337793,1374.0987887999945,1758.0377002800735,36145664,629145600
13251,0.010358779225498438,0.006223978474736214,0.004134800750762224,23.835454135429686,0.0004425537288261713,1413.2744045999862,1566.6556918943854,36145664,629145600
13501,0.010501803830265999,0.005131370620802045,0.00537043297663331,22.699906990709557,0.00044153588349478005,1450.3520258999924,2892.769770540402,36145664,629145600
13751,0.006665942957624793,0.004063054686412215,0.002602888271212578,25.845444735493352,0.00044052037914268954,1487.1076295999956,1737.1584295448104,36145664,629145600
14001,0.01301424391567707,0.007344013080000877,0.005670231184922159,22.463992338250517,0.0004395072103857968,1527.1378523999883,1558.7828585015166,36145664,629145600
14251,0.009442237205803394,0.005675951950252056,0.0037662849063053727,24.240868302152194,0.00043849637185238176,1559.8017511999933,1734.2434499274332,36145664,629145600
14501,0.011016503907740116,0.007440904155373573,0.003575599752366543,24.466511014720723,0.0004374878581830794,1599.101419899991,1709.5170013914874,36145664,629145600
14751,0.01534715574234724,0.01003478211350739,0.005312373163178563,22.747114259184297,0.00043648166403085044,1633.458773499995,1642.1583092110238,36145664,629145600
15001,0.01070758793503046,0.0061814929358661175,0.004526094766333699,23.44276357127881,0.0004354777840609538,1672.128012199988,1845.6529465985607,36145664,742391808
15251,0.00962988380342722,0.006040866021066904,0.0035890177823603153,24.45024389880238,0.00043447621295091763,1704.267512099992,1798.8050593824573,36145664,742391808
15501,0.00812617177143693,0.004348293994553387,0.0037778778932988644,24.227520832388297,0.00043347694539051183,1742.4910758999904,1548.1748470183115,36145664,742391808
15751,0.0077016400173306465,0.005170517368242145,0.0025311227655038238,25.966867900105047,0.0004324799760817191,1776.7823376999877,3154.0066970195594,36145664,742391808
16001,0.013560357503592968,0.007267465814948082,0.0062928920378908515,22.011497190312305,0.0004314852997387075,1815.3678434999892,1701.3312917780054,36145664,742391808
16251,0.00875499565154314,0.0064456958789378405,0.0023092999472282827,26.365196543648203,0.000430492911087802,1853.5373018999962,3656.0199369387287,36145664,742391808
16501,0.008579703979194164,0.005726828705519438,0.0028528752736747265,25.447172150722945,0.00042950280486745687,1887.1144227999903,1785.719268204834,36145664,742391808
16751,0.006759466137737036,0.0043733566999435425,0.0023861094377934933,26.223096414955684,0.00042851497582822737,1925.950181399996,1648.853467218639,36145664,742391808
17001,0.009359352756291628,0.005475175334140658,0.003884177189320326,24.107009665629956,0.00042752941873274233,1947.1151435999927,4031.2357780991265,36145664,742391808
17251,0.008076990954577923,0.0049746406730264425,0.003102349932305515,25.08309217129119,0.0004265461283556761,1980.7881264999887,1755.841946900526,36145664,742391808
17501,0.010016221553087234,0.006902607157826424,0.003113614162430167,25.067352059970183,0.00042556509948372105,2019.4206772999896,1603.0969830571755,36145664,742391808
17751,0.01098021399229765,0.006734741851687431,0.004245472024194896,23.720740165845445,0.00042458632691555974,2052.5092292999907,1783.5520274539851,36145664,742391808
18001,0.014384657610207796,0.008637451101094484,0.005747206509113312,22.40543197479656,0.00042360980546183745,2090.546611199985,1686.6183959058117,36145664,742391808
18251,0.01282440172508359,0.008375507779419422,0.004448894178494811,23.517479242682157,0.00042263552994513463,2123.042221699987,1616.7301254482556,36145664,742391808
18501,0.0066736312583088875,0.004334682133048773,0.002338949008844793,26.309792460911133,0.00042166349519993945,2162.5066387999977,1797.980081683025,36145664,742391808
18751,0.006526465993374586,0.004054336110129952,0.0024721299996599555,26.069286951323782,0.00042069369607262053,2193.350586899993,3268.21583478944,36145664,742391808
19001,0.009560334961861372,0.005953511921688914,0.0036068231565877795,24.428751507231866,0.00041972612742139937,2213.0604147999984,3764.041639524466,36145664,742391808
19251,0.011468896642327309,0.006304757669568062,0.005164139089174569,22.870020691074902,0.0004187607841163233,2232.989602799993,3931.6144802818435,36145664,742391808
19501,0.015377549920231104,0.010068777482956648,0.005308772204443812,22.750059095195585,0.00041779766103923824,2252.8209004999953,3904.736628633959,36145664,742391808
19751,0.013077051844447851,0.007986203534528613,0.00509084842633456,22.932098333469597,0.00041683675308376144,2272.216050099989,3590.639091759831,36145664,742391808
20001,0.012647421099245548,0.009546484798192978,0.003100936533883214,25.085071222716607,0.00041587805515525466,2292.782039199985,411.5992528237857,36145664,629145600
20251,0.00907956250011921,0.00605284096673131,0.003026721882633865,25.190274833667047,0.00041492156217079695,2312.70375049999,3758.9292919758655,36145664,629145600
20501,0.006788303842768073,0.004086911561898887,0.0027013925136998296,25.684123080195572,0.00041396726905915766,2332.5962784999865,3862.1746759197927,36145664,629145600
20751,0.008736533112823963,0.005750410258769989,0.002986122970469296,25.24892311715949,0.0004130151707607697,2352.6240236999874,3670.9298207783186,36145664,629145600
21001,0.011285648215562105,0.0062166787683963776,0.005068969447165728,22.950803264462213,0.0004120652622277027,2372.9235860999906,3085.805895445242,36145664,629145600
21251,0.012324192794039845,0.008230789564549923,0.004093403171282262,23.879154783109847,0.00041111753842363615,2392.5530066999927,3941.0687064083795,36145664,629145600
21501,0.00922684883698821,0.0064102886244654655,0.002816560328938067,25.502809420163103,0.00041017199432383277,2412.3297488999815,3933.390490405522,36145664,629145600
21751,0.005265268264338374,0.0034249640302732587,0.0018403040594421327,27.35110415888089,0.00040922862491511193,2431.965169099989,3230.1575583311565,36145664,629145600
22001,0.010512049775570631,0.007824354572221637,0.0026876948541030288,25.706200401948184,0.0004082874251958229,2451.828708099987,3740.8141821982604,36145664,629145600
22251,0.00854804739356041,0.005757145583629608,0.0027909016935154796,25.54255460793948,0.0004073483901758185,2471.43400329999,3638.275798040273,36145664,629145600
22501,0.009352368302643299,0.006385724293068051,0.002966644475236535,25.277344967213896,0.00040641151487642846,2491.230272099987,3296.8448162064424,36145664,629145600
22751,0.007114938925951719,0.0051945222076028585,0.0019204166601411998,27.16604535062794,0.0004054767943304333,2525.175724899993,1532.1707986565793,36145664,629145600
23001,0.006070987321436405,0.0034750415943562984,0.0025959459599107504,25.857043525330102,0.00040454422358203755,2564.6576799999893,1746.5211140539202,36145664,629145600
23251,0.007880863267928362,0.005148528842255473,0.0027323344256728888,25.63466146009663,0.00040361379768684414,2598.098770199984,1521.9569037343572,36145664,629145600
23501,0.01149085070937872,0.007140122354030609,0.00435072835534811,23.614380317282478,0.00040268551171182754,2637.173950399985,1958.231533470365,36145664,629145600
23751,0.011249772273004055,0.006782833021134138,0.00446693878620863,23.499899989483456,0.0004017593607353079,2662.985720599987,3898.249594559462,36145664,629145600
24001,0.006982528604567051,0.004803811083547771,0.002178717637434602,26.61799050823067,0.0004008353398469249,2683.17200229998,2790.12991519473,36145664,629145600
24251,0.00867823208682239,0.004869390279054642,0.0038088420405983925,24.192070379242374,0.0003999134441476118,2703.4257828999835,3659.4587722988717,36145664,629145600
24501,0.008681240724399686,0.005534026306122541,0.0031472141854465008,25.020736999237045,0.00039899366874956944,2723.3191195999825,4063.6468696726492,36145664,629145600
24751,0.008094665827229619,0.00565247843042016,0.0024421876296401024,26.12220972910787,0.0003980760087762401,2743.5942304999917,3574.1810101623673,36145664,629145600
25001,0.00860118493437767,0.00624825619161129,0.0023529285099357367,26.283912679842352,0.00039716045936228207,2764.64914899999,3698.860721717911,36145664,742391808
25251,0.01988926948979497,0.010945345042273402,0.008943924913182855,20.484718554691945,0.0003962470156535434,2784.9935853999923,4135.769559585854,36145664,742391808
25501,0.01053747022524476,0.007734429091215134,0.002803041134029627,25.523705290142384,0.0003953356728070365,2822.610175299982,2228.0534560882766,36145664,742391808
25751,0.008836961816996336,0.004930035211145878,0.003906926489435136,24.081647601427672,0.0003944264259909124,2860.704481299981,3437.6120415609435,36145664,742391808
26001,0.008604426868259907,0.005532708251848817,0.0030717187328264117,25.126185537361714,0.0003935192703844349,2880.7372153999895,3439.570375866357,36145664,742391808
26251,0.010601573158055544,0.007334899622946978,0.00326667376793921,24.85894234933251,0.0003926142011779553,2901.181258199984,3221.8522125159648,36145664,742391808
26501,0.010701584164053202,0.0063347588293254375,0.004366825334727764,23.598341787406586,0.0003917112135728868,2922.072822499991,3628.6013154939947,36145664,742391808
26751,0.008049149997532368,0.003770956303924322,0.004278193460777402,23.68739580435743,0.000390810302781679,2942.2897407999844,3765.220831603549,36145664,742391808
27001,0.0065678993705660105,0.004185475874692202,0.002382423321250826,26.229810683154668,0.00038991146402779254,2962.636048699991,3589.093641728528,36145664,742391808
27251,0.0051170699298381805,0.0034012021496891975,0.001715867721941322,27.655161954181136,0.0003890146925456738,2982.8740339999786,3408.69750461269,36145664,742391808
27501,0.010098695755004883,0.007297731935977936,0.0028009640518575907,25.526924649643888,0.0003881199835807297,3003.1638875999924,3966.249693236027,36145664,742391808
27751,0.009523202665150166,0.006811668165028095,0.0027115345001220703,25.667848654614893,0.00038722733238930236,3022.723211899982,4024.1764981413294,36145664,742391808
28001,0.004943275707773864,0.0029468826833181083,0.001996393024455756,26.99753956260166,0.00038633673423864404,3042.4133591999853,3246.477381921844,36145664,742391808
28251,0.008959876606240869,0.006322193657979369,0.0026376828900538385,25.78777417803277,0.000385448184406892,3062.331452499988,3465.9510921728324,36145664,742391808
28501,0.01072198199108243,0.006976527627557516,0.003745454363524914,24.264954902202703,0.0003845616781830434,3082.32888619999,3928.2782322922394,36145664,742391808
28751,0.01120171369984746,0.006336044054478407,0.004865669994615018,23.128573496546416,0.00038367721086693065,3102.374600399984,3998.9127955829795,36145664,742391808
29001,0.004810803919099271,0.00303229340352118,0.0017785103991627693,27.49943591099059,0.000382794777769196,3122.6147235999815,3446.8829946030028,36145664,742391808
29251,0.003444830421358347,0.0026128889876417816,0.0008319414046127349,30.799072609081932,0.0003819143742112669,3142.986437399988,3745.619746229379,36145664,742391808
29501,0.014488643500953913,0.009056948591023684,0.005431694444268942,22.650646689374852,0.00038103599552533155,3163.0970743999787,3903.950614307828,36145664,742391808
29751,0.0048932586796581745,0.002980444929562509,0.0019128136336803436,27.1832734142436,0.0003801596370543134,3182.856365799991,3371.126825384742,36145664,742391808
30001,0.011697988957166672,0.008518805261701345,0.003179183811880648,24.976843616172513,0.0003792852941518471,3203.3616973000026,416.7936584800763,36145664,629145600
30251,0.008454233407974243,0.004544225288555026,0.003910008003003895,24.07822353689332,0.00037841296218225386,3226.387730100003,1439.2274946843884,36145664,629145600
30501,0.004873031983152032,0.003466216381639242,0.001406815485097468,28.51762859963163,0.00037754263652051606,3265.162003000005,1731.6813814843515,36145664,629145600
30751,0.009641807060688734,0.006899692350998521,0.0027421144768595695,25.619144183901877,0.000376674312552254,3298.5552386000054,3772.611722783197,36145664,629145600
31001,0.012550462037324905,0.006933438824489713,0.005617022980004549,22.50493799362463,0.0003758079856737002,3336.773409799993,1746.809513859115,36145664,629145600
31251,0.009737832937389612,0.0051866109715774655,0.0045512220822274685,23.418719720671717,0.00037494365129167584,3374.175310999999,3834.223742083354,36145664,629145600
31501,0.004696795251220465,0.0030088380444794893,0.0016879570903256536,27.72638597800206,0.0003740813048235662,3394.1676985999948,3370.540945455832,36145664,629145600
31751,0.010957368183881044,0.00775358802638948,0.0032037803903222084,24.943372611708238,0.000373220941697296,3414.2018922999996,3113.597664930657,36145664,629145600
32001,0.007221772335469723,0.0053791175596416,0.001842654892243445,27.34555995453034,0.0003723625573513056,3433.943170300001,3614.9512122894257,36145664,629145600
32251,0.009785538772121072,0.00541878747753799,0.004366751294583082,23.59841542327798,0.00037150614723452683,3454.0387113000033,3645.051699946179,36145664,629145600
32501,0.005267381202429533,0.002988108550198376,0.0022792727104388177,26.422037092412573,0.0003706517068063583,3474.2106291999953,3989.8383811097156,36145664,629145600
32751,0.005202221684157848,0.003564493963494897,0.0016377277206629515,27.857582999155337,0.00036979923153664205,3494.3546589000034,3666.2298699826215,36145664,629145600
33001,0.00661883014254272,0.004470201907679439,0.002148628351278603,26.67838698025184,0.00036894871690563893,3514.2466497999994,3968.8630295998246,36145664,629145600
33251,0.010660100262612104,0.00757603021338582,0.003084069932810962,25.10875782667268,0.0003681001584040051,3534.200147900003,3992.6447991245636,36145664,629145600
33501,0.008092840667814016,0.005318355746567249,0.002774485037662089,25.568176129216525,0.00036725355153276786,3554.2318560999993,3473.00417607259,36145664,629145600
33751,0.003361318726092577,0.0022104361560195684,0.0011508824536576867,29.389690311354116,0.00036640889180330187,3574.1597676999954,3955.091176420378,36145664,629145600
34001,0.007800398860126734,0.0049938594456762075,0.0028065392980352044,25.518288722754686,0.0003655661747373053,3593.5561483000056,3731.1366265772,36145664,629145600
34251,0.006333435187116265,0.005028448300436139,0.0013049868284724653,28.843938717361176,0.0003647253958667762,3613.6447822000046,3215.1998571953163,36145664,629145600
34501,0.00836300291121006,0.006255659973248839,0.0021073429379612207,26.762647838294896,0.00036388655073398864,3633.899278500001,3535.8236948094527,36145664,629145600
34751,0.009080015122890472,0.006012024125084281,0.0030679911142215133,25.13145902562089,0.00036304963489146926,3653.999102300004,3470.480579831442,36145664,629145600
35001,0.01044819038361311,0.006962848827242851,0.00348534167278558,24.577546410001506,0.00036221464390197354,3674.5798393000005,3169.332743933515,36145664,742391808
35251,0.007753206184133887,0.0057595649268478155,0.00199364114087075,27.003530128074456,0.00036138157333846246,3695.2148664999986,3025.2073036145816,36145664,742391808
35501,0.005587119143456221,0.003749147756025195,0.0018379714456386864,27.356612400107792,0.00036055041878407866,3720.9989570000034,1624.0120328610315,36145664,742391808
35751,0.013703335542231798,0.008671034593135118,0.005032300716266036,22.982334145594585,0.0003597211758321237,3759.421224000005,2020.1175298559192,36145664,742391808
36001,0.010307100601494312,0.00609048898331821,0.004216611385345459,23.750364229303862,0.0003588938400860337,3790.2688288000063,3951.8979911726533,36145664,742391808
36251,0.008895166218280792,0.006506991805508733,0.002388174645602703,26.219339167184927,0.0003580684071593571,3810.396220099996,3476.617034721787,36145664,742391808
36501,0.008789217565208673,0.0051937802927568555,0.0035954375052824616,24.44248255609553,0.0003572448726757305,3830.333070099994,3485.468590891686,36145664,742391808
36751,0.008205569814890623,0.004610177129507065,0.0035953925689682364,24.442536835206855,0.0003564232322688563,3850.4564748999983,3496.670650875083,36145664,742391808
37001,0.007149757584556937,0.004398706252686679,0.002751051331870258,25.605013060334304,0.00035560348158247867,3870.748514299994,3614.4663367839025,36145664,742391808
37251,0.0077240560203790665,0.005452490411698818,0.0022715654922649264,26.43674737379297,0.0003547856162703611,3890.782867300004,3342.1019992356146,36145664,742391808
37501,0.0064034967217594385,0.003170590032823384,0.003232906630728394,24.9040683802531,0.0003539696319962632,3911.5290857999935,3877.589351085985,36145664,742391808
37751,0.012307344935834408,0.0075121293775737286,0.004795215441845357,23.191918758545885,0.00035315552443391753,3931.647419000001,3369.29884383752,36145664,742391808
38001,0.004955115495249629,0.00384817598387599,0.0011069394240621477,29.558761447178114,0.00035234328926700675,3951.599365300004,3678.2877571117224,36145664,742391808
38251,0.006665560882538557,0.004218836547806859,0.0024467240436933935,26.11415010239321,0.000351532922189141,3973.3837526999996,3187.3740147176172,36145664,742391808
38501,0.008820194751024246,0.005079208640381694,0.0037409861106425524,24.27013904226947,0.00035072441890383465,3994.8267848999967,3429.1807208795503,36145664,742391808
38751,0.008506937883794308,0.005619822768494487,0.002887115115299821,25.395358995474744,0.0003499177751244838,4016.3921351000026,2988.1861591291267,36145664,742391808
39001,0.01202189177274704,0.00730979279614985,0.00471209897659719,23.26785595865575,0.0003491129865743433,4038.5470298,3429.819331477947,36145664,742391808
39251,0.012080120854079723,0.00901360297575593,0.003066517529077828,25.133545484198226,0.0003483100489865045,4060.4590938000038,3298.994579872048,36145664,742391808
39501,0.011079066433012486,0.007316309027373791,0.0037627574056386948,24.2449378082675,0.00034750895810387223,4082.0912825999985,3079.0510271332737,36145664,742391808
39751,0.0075729594100266695,0.005383758107200265,0.0021892013028264046,26.597143020743204,0.00034670970967914233,4103.819263900004,3155.0951089149435,36145664,742391808
40001,0.011218700557947159,0.007450558710843325,0.0037681416142731905,24.2387278392011,0.00034591229947477926,4124.591495400004,3937.013928137863,36145664,742391808
40251,0.007411009166389704,0.005805486347526312,0.00160552270244807,27.943835490335026,0.0003451167232629934,4144.370870700004,3923.3836733192306,36145664,742391808
40501,0.011689256876707077,0.006041622022166848,0.005647634854540229,22.48133390175913,0.000344322976825719,4179.271957100005,1818.4129942271168,36145664,742391808
40751,0.003930559963919222,0.0022309450432658195,0.001699614804238081,27.696494947095495,0.0003435310559545914,4218.925030900005,1543.8613418732953,36145664,742391808
41001,0.00830514496192336,0.006331307231448591,0.001973837846890092,27.04688528005496,0.000342740956450925,4240.700509000002,3619.336304137726,36145664,742391808
41251,0.008345591137185693,0.005211396608501673,0.00313419452868402,25.038740518648087,0.0003419526741256908,4278.195505299998,2146.577718047528,36145664,742391808
41501,0.007462280103936791,0.004300182219594717,0.0031620978843420744,25.000246903900045,0.0003411662047994945,4316.425198199999,3654.005632361638,36145664,742391808
41751,0.00874811364337802,0.004485551733523607,0.004262561560608447,23.70329335802498,0.000340381544302554,4350.188520600001,1557.705378219191,36145664,742391808
42001,0.007142591290175915,0.004413099377416074,0.0027294917963445187,25.639182066548365,0.00033959868847467737,4388.950677400004,2343.9746118544435,36145664,742391808
42251,0.010152602102607489,0.007672349456697702,0.0024802525294944644,26.055040987775815,0.000338817633165241,4411.812073099994,3602.6704800074417,36145664,742391808
42501,0.005169321200810373,0.0027011589845642447,0.002468162216246128,26.07626300349728,0.00033803837423316744,4432.000052699994,3777.0980966724433,36145664,742391808
42751,0.010724136140197515,0.006517108762636781,0.004207027144730091,23.760246858036695,0.00033726090754690333,4452.081385700003,3813.5643717050816,36145664,742391808
43001,0.007800006540492177,0.0055075406562536955,0.0022924658842384815,26.396971186447324,0.00033648522898439766,4472.355794599993,3216.783567850046,36145664,742391808
43251,0.0085518560372293,0.006465042009949684,0.00208681431831792,26.805161921024663,0.00033571133443308006,4492.997659799992,3385.8313534833887,36145664,742391808
43501,0.009578054305166006,0.0070168178062886,0.0025612363824620843,25.915503376341043,0.0003349392197898385,4513.454540799998,3601.8645279627867,36145664,742391808
43751,0.008033747784793377,0.006442623445764184,0.0015911244554445148,27.98295849141054,0.0003341688809609981,4534.3421046,4000.8501808639203,36145664,742391808
44001,0.007797708036378026,0.005129082361236215,0.0026686256169341505,25.73712349368799,0.000333400313862299,4554.448418100001,3747.91741671211,36145664,742391808
44251,0.008176956791430712,0.0059359821025282145,0.0022409746889024973,26.49563048655503,0.000332633514418875,4574.589085600004,3990.223951370136,36145664,742391808
44501,0.015596837271004915,0.010092702228575945,0.00550413504242897,22.59310919346989,0.00033186847856523185,4594.610183500001,3354.5042736856344,36145664,742391808
44751,0.004782755160704255,0.0032975145149976015,0.0014852405292913318,28.282032082423896,0.00033110520224522544,4615.061097400001,3216.799736918447,36145664,742391808
45001,0.00947690848261118,0.005859416211023927,0.0036174923297949135,24.415923810468726,0.00033034368141204087,4635.843454899994,3956.4175868032926,36145664,744488960
45251,0.004580355249345303,0.0032684915931895375,0.0013118638889864087,28.821112223754405,0.00032958391202817037,4665.665514599998,1799.9458610020558,36145664,744488960
45501,0.00419536791741848,0.00317274930421263,0.0010226186132058501,29.902863067209392,0.00032882589006539236,4704.717999300003,1997.8055353997818,36145664,744488960
45751,0.008457804564386606,0.005391832324676216,0.003065972006879747,25.13431814684891,0.0003280696115047499,4733.1633993,2980.2130152176383,36145664,744488960
46001,0.006779708433896303,0.00417536951135844,0.002604339038953185,25.843024789510423,0.00032731507233652924,4754.665553400002,4005.2193011688996,36145664,744488960
46251,0.013303087092936039,0.008504958590492606,0.0047981280367821455,23.189281671797662,0.00032656226856023885,4776.157240700006,3670.0035982294085,36145664,744488960
46501,0.005932000232860446,0.004388100001960993,0.0015439001726917922,28.11380784214466,0.0003258111961845881,4796.727843999994,3122.9299919163745,36145664,744488960
46751,0.005639098584651947,0.004122954327613115,0.0015161442570388317,28.192594747888236,0.00032506185122746603,4816.5695156,3415.236758668163,36145664,744488960
47001,0.004778623580932617,0.003538560471497476,0.001240063225850463,29.065561713394143,0.0003243142297159202,4837.139971700002,2886.0516897195826,36145664,744488960
47251,0.010833889478817582,0.005998913664370775,0.004834975814446807,23.156056940067423,0.00032356832768613576,4857.793538600003,3469.6480341400666,36145664,744488960
47501,0.0070865454617887735,0.0047479914501309395,0.002338554011657834,26.31052595097333,0.00032282414118341444,4878.0947418,3850.585258564963,36145664,744488960
47751,0.005845198989845812,0.0035248042549937963,0.0023203947057481855,26.34438134096947,0.00032208166626215357,4898.174592900003,3419.9178149399954,36145664,744488960
48001,0.005933596985414624,0.004015471553429961,0.0019181255483999848,27.171229700575058,0.00032134089898582495,4918.297139100003,3867.122060906866,36145664,744488960
48251,0.006068267626687884,0.003841439262032509,0.0022268285683821887,26.523132156877352,0.0003206018354269542,4938.302133000005,3577.282578639258,36145664,744488960
48501,0.007024392485618591,0.005329293664544821,0.0016950987046584487,27.70805007997524,0.00031986447166709996,4958.018710699995,3971.4921327784123,36145664,744488960
48751,0.010191628709435463,0.00613777432590723,0.004053854383528233,23.92131855437278,0.0003191288037968329,4977.871589500006,3468.5620913821444,36145664,744488960
49001,0.00855885399505496,0.005386688397265971,0.0031721655977889895,24.986441491196437,0.00031839482791571526,4998.300484899999,3551.1215856513254,36145664,744488960
49251,0.004460443742573261,0.0030778947984799743,0.001382548944093287,28.59319485141974,0.00031766254013228,5018.347210499996,3737.0298791442237,36145664,744488960
49501,0.00851542386226356,0.006010409910231829,0.0025050141848623753,26.01189810559205,0.0003169319365640102,5038.524022500002,3341.0246503946296,36145664,744488960
49751,0.012376375030726194,0.007449082797393203,0.004927291884087026,23.07391710123376,0.0003162030133373184,5059.012439099999,3388.4665072539597,36145664,744488960
50000,0.0046847478952258825,0.002826565643772483,0.0018581822514533997,27.309116924312747,0.00031547867224009665,5078.958290900002,3941.499525067549,36145664,744488960
